category,n_articles,impressions,clicks,catalogue_share,exposure_share,click_share,ctr,ctr_ci_low,ctr_ci_high,amplification,click_amplification,n_exposed_articles,pool_share,amplification_vs_pool
news,20039,2232125,95172,0.30716760170452806,0.2600198125865374,0.2736974695666428,0.04263739709917679,0.042373136569089656,0.042903231857034776,0.8465079362004354,0.891036255281633,6604,0.2900180053576918,0.8965643780145431
lifestyle,2991,1016267,45431,0.04584751218614918,0.1183847476632727,0.13065134430170794,0.044703803232811846,0.04430374396488771,0.04510730449969876,2.5821411461238997,2.8496932128234107,1238,0.05436739712792587,2.177495225396109
sports,19368,942187,54220,0.29688218522946747,0.10975518268980092,0.1559269196812442,0.05754696254565177,0.05707852287830095,0.05801901011290711,0.3696927203798654,0.5252148072162851,6478,0.2844846515304554,0.38580352964332465
finance,3786,789133,24610,0.05803366136300929,0.09192595162271468,0.0707739117181007,0.031186124518934072,0.03080489330733584,0.03157192003193762,1.5840108906398997,1.2195320794150695,1389,0.060998638619296476,1.5070164466528695
foodanddrink,3123,572554,17579,0.04787087280419387,0.06669670550514524,0.0505540265783215,0.030702780873070486,0.030259074621442988,0.0311527844306168,1.393262783779912,1.056049819377694,1098,0.04821922620877432,1.3831973415825702
entertainment,695,464494,13362,0.010653300223795946,0.054108816857286704,0.038426696805252396,0.028766787084440273,0.02828998000220441,0.029251388489149953,5.079066178612475,3.6070228002605123,271,0.01190110227921479,4.546538260727954
travel,3013,446318,10858,0.04618473895582329,0.05199149810785605,0.03122564540573496,0.02432794554555272,0.02388003123935977,0.02478404799957805,1.12572895903097,0.6761031048720004,1227,0.05388432655570682,0.9648723744205299
health,2207,441673,15331,0.033829976394126125,0.051450402949894704,0.044089184906550255,0.03471120036769284,0.034175399274147936,0.03525509510616427,1.5208524638175036,1.3032579270201745,754,0.03311229195028765,1.5538158164085574
autos,2076,382055,10282,0.031821944265612065,0.044505513579100424,0.029569173518306027,0.026912355550902357,0.026403951489194697,0.027430273051418503,1.3985793327906328,0.9292070048108134,663,0.02911598085283914,1.5285596526541414
tv,1027,374229,20176,0.015742358747968976,0.043593864342027125,0.05802252916799673,0.05391351284908438,0.0531944893535678,0.05464169440173021,2.7692079084178824,3.685758284188676,310,0.013613807035264151,3.20218027397516
music,902,358613,19776,0.01382629755663877,0.041774759500966985,0.05687220146839331,0.055145797837780564,0.05440346054900261,0.05589766557187652,3.0213988473659468,4.113335564739515,368,0.01616090641605551,2.584926762490541
movies,672,243102,7604,0.010300744964591189,0.02831890529401911,0.0218677295694611,0.03127905159151303,0.030594465599502324,0.031978450655977306,2.7492094398381233,2.1229269965067012,235,0.010320144042861534,2.7440416700004646
video,2712,181367,7076,0.041570863607100154,0.02112740699977937,0.02034929700598458,0.03901481526407781,0.03813340285861356,0.03991575512599393,0.5082263192668166,0.48950864235856273,1118,0.04909753634008168,0.4303150132307478
weather,2601,140130,6246,0.03986940126919893,0.016323716789046976,0.017962367029307473,0.044572896596017986,0.04350484379243442,0.04566591844983726,0.4094296946881379,0.4505301423521572,1003,0.04404725308506434,0.37059556829849316
kids,22,166,3,0.0003372267696741163,1.9337308120900577e-05,8.627457747025684e-06,0.018072289156626505,0.006164932412804962,0.051780041029068254,0.05734215032687781,0.02558354947729371,14,0.0006148170919151552,0.03145213165864479
northamerica,1,29,1,1.532848953064165e-05,3.3782044307597397e-06,2.8758192490085613e-06,0.034482758620689655,0.006113214292762653,0.17175521879320288,0.2203873006539039,0.18761269616682053,1,4.3915506565368234e-05,0.07692509309283004
middleeast,2,0,0,3.06569790612833e-05,0.0,0.0,,,,0.0,0.0,0,0.0,
games,1,0,0,1.532848953064165e-05,0.0,0.0,,,,0.0,0.0,0,0.0,
