population,measure,n_items,total,gini,top_1pct_share,top_5pct_share,top_10pct_share,bottom_50pct_share,bottom_90pct_share,frac_items_for_50pct,frac_items_for_80pct
exposed articles (train+dev),impressions,22771,8584442.0,0.9205170479269267,0.3467301660375829,0.7554595860744356,0.9117650279424102,0.004176742064306568,0.08823497205758976,0.019454569408458126,0.05932984936981248
full catalogue incl. never-shown (sensitivity),impressions,65238,8584442.0,0.9722568702036245,0.6029697678661001,0.9581294858768922,0.9875202138939257,0.0,0.012479786106074222,0.006790520862074251,0.02070878935589687
exposed articles (train+dev),clicks,22771,347727.0,0.9475661469549037,0.5430582037057807,0.8456317743517184,0.9403468813178154,0.0,0.059653118682184585,0.00794870668833165,0.038382152738131836
exposed articles (train only),impressions,20288,5843444.0,0.9157078050681056,0.3251594436431666,0.7412277759485674,0.9053684779044686,0.004930653908893454,0.09463152209553133,0.0211455047318612,0.062302839116719244
exposed articles (dev only),impressions,5369,2740998.0,0.9277063483071042,0.38514074070831134,0.7956353853596391,0.9225194618894286,0.0035625710051594346,0.0774805381105714,0.016390389271745204,0.051033712050661206
exposed articles (day 2019-11-09),impressions,4225,524529.0,0.8979076696827171,0.3443260525156855,0.7157316373355906,0.8665088107616548,0.009194915819716355,0.13349118923834527,0.02106508875739645,0.07218934911242604
exposed articles (day 2019-11-10),impressions,4464,520041.0,0.8922641246428054,0.3202401349124396,0.6947952180693445,0.8543499454850675,0.009605011912522282,0.1456500545149325,0.023521505376344086,0.07795698924731183
exposed articles (day 2019-11-11),impressions,6095,1166308.0,0.9109759445287204,0.3583393065982571,0.7445228876077331,0.8919959393230604,0.006756362813253446,0.10800406067693955,0.01870385561936013,0.06333059885151764
exposed articles (day 2019-11-12),impressions,5900,1178464.0,0.9192803257719442,0.38721081000353,0.7693574008200506,0.9059767629728188,0.005694700898797078,0.09402323702718114,0.016610169491525422,0.05745762711864407
exposed articles (day 2019-11-13),impressions,6084,1231673.0,0.9190733003535871,0.38076583638676825,0.7627730736973206,0.9067203713972783,0.005212422453037454,0.09327962860272167,0.01725838264299803,0.058678500986193295
exposed articles (day 2019-11-14),impressions,6144,1222429.0,0.9142026324089765,0.3680213738384806,0.7556160725899009,0.8942842488193589,0.0059349050128882745,0.10571575118064117,0.018229166666666668,0.061360677083333336
exposed articles (day 2019-11-15),impressions,5369,2740998.0,0.9277063483071042,0.38514074070831134,0.7956353853596391,0.9225194618894286,0.0035625710051594346,0.0774805381105714,0.016390389271745204,0.051033712050661206
