subcategory,category,n_articles,impressions,clicks,catalogue_share,exposure_share,click_share,ctr,ctr_ci_low,ctr_ci_high,amplification,click_amplification,n_exposed_articles,pool_share,amplification_vs_pool
newsus,news,8840,685431,36313,0.13550384745087218,0.07984572555793376,0.10442962438924788,0.052978345012116464,0.05245057793559671,0.05351112267513031,0.5892506158312764,0.7706764520255378,3100,0.13613807035264153,0.5865054892515192
newsworld,news,2022,448918,12664,0.030994205830957418,0.05229437160854485,0.03641937496944442,0.02821005172436837,0.02772973145301822,0.028698446281667407,1.6872305712157514,1.1750381722337364,549,0.02410961310438716,2.169025748448406
football_nfl,sports,7464,434272,36670,0.11441184585670928,0.05058826188120323,0.10545629186114394,0.08444016653157468,0.08361687681878029,0.08527080805091876,0.4421593017960793,0.9217252905194678,2235,0.098151157173598,0.5154117723923395
newspolitics,news,3478,396505,13795,0.053312486587571664,0.04618879130408243,0.0396719265400731,0.03479149064955045,0.0342255940292684,0.035366401340364347,0.8663784839263167,0.7441394892528145,1032,0.045320802775460016,1.0191520995981211
newscrime,news,2665,298871,20293,0.040850424599159996,0.034815425393986,0.05835900002013073,0.06789885937411123,0.0670024799354414,0.06880634646393022,0.852265936905388,1.4286020425190578,781,0.03429801062755259,1.0150858535806084
lifestyleroyals,lifestyle,247,259668,14426,0.003786136914068488,0.030248675452638624,0.04148656848619751,0.05555555555555555,0.05468108216355127,0.05644317873709286,7.989324247689225,10.95749293482815,64,0.002810592420183567,10.762384198938031
celebrity,entertainment,148,247981,6448,0.002268616450534964,0.028887259067042446,0.018543282517607205,0.026001992088103523,0.025382940477758624,0.026635728820472597,12.733425723079158,8.173828816781478,52,0.002283606341399148,12.649841850300453
lifestylebuzz,lifestyle,1132,217312,10510,0.01735185014868635,0.025314633146802087,0.03022486030707998,0.04836364305698719,0.04746961018051041,0.04927364294677951,1.458901092960313,1.7418811278385897,475,0.02085986561854991,1.2135568660754321
finance-companies,finance,621,217163,10846,0.009518991998528466,0.02529727616541646,0.031191135574746856,0.049944051242614994,0.04903582510420202,0.05086819943784423,2.6575582970683396,3.276726735306498,159,0.006982565543893549,3.6229199720924417
markets,finance,438,180775,4215,0.006713878414421043,0.021058445033468688,0.012121578134571086,0.023316277140091275,0.0226306985714726,0.024022114284072926,3.13655442258774,1.8054509459889236,132,0.005796846866628606,3.6327413019478447
travelnews,travel,1141,172716,5794,0.017489806554462122,0.020119653671141352,0.016662496728755603,0.033546399870307324,0.032707549104132976,0.034405999408383355,1.150364562837791,0.9526975999917249,412,0.01809318870493171,1.112001538217378
tv-celebrity,tv,370,171460,9169,0.005671541126337411,0.019973342472347066,0.026368386694159498,0.05347602939461099,0.05242109027081228,0.05455097627550812,3.521678151921562,4.649245435550209,76,0.0033375784989679858,5.984381334708092
shop-holidays,lifestyle,110,155452,8107,0.0016861338483705815,0.01810857362656769,0.023314266651712406,0.05215114633455986,0.051056944545174905,0.05326748164962138,10.739701147727482,13.827055707494672,80,0.0035132405252294584,5.154379125632161
newsgoodnews,news,187,155366,2359,0.0028664275422299887,0.01809855550308337,0.006784057608411196,0.01518350218194457,0.01458733623561294,0.015803641926466046,6.3139762775944,2.36672914576219,71,0.0031180009661411446,5.804538131841005
foodnews,foodanddrink,286,149333,4345,0.004383948005763512,0.017395772491677387,0.012495434636942198,0.029096047089390824,0.028255622684013645,0.029960698043634812,3.96806085948269,2.850269807149773,100,0.004391550656536823,3.961191354079858
weathertopstories,weather,2599,140130,6246,0.03983874429013765,0.016323716789046976,0.017962367029307473,0.044572896596017986,0.04350484379243442,0.04566591844983726,0.40974476178678204,0.45087683734434814,1003,0.04404725308506434,0.37059556829849316
finance-real-estate,finance,765,128781,3303,0.011726294490940863,0.015001673958540346,0.009498830979475278,0.025648193444685163,0.024798846675120716,0.026525838621278934,1.2793192231467387,0.8100454058026251,325,0.014272539633744676,1.0510865160305298
voices,health,155,126843,4661,0.002375915877249456,0.014775916710719228,0.013404193519628904,0.03674621382338797,0.03572480345880322,0.0377956827556542,6.219040350799361,5.641695334410002,66,0.002898423433314303,5.097915142724054
entertainment-celebrity,entertainment,155,118706,4662,0.002375915877249456,0.013828039143371228,0.013407069338877912,0.039273499233400164,0.038183327809304765,0.04039348894144823,5.8200878557113045,5.642905738901401,42,0.0018444512757454657,7.497101888897768
recipes,foodanddrink,503,118025,3419,0.0077102302339127505,0.013748709584152355,0.00983242601236027,0.028968438890065663,0.02802682004921738,0.029940718852770033,1.7831775663040383,1.2752441514798396,140,0.006148170919151552,2.2362276138623804
restaurantsandnews,foodanddrink,182,114467,5390,0.0027897850945767804,0.01333423884744052,0.015500665752156145,0.047087806966199866,0.04587580797721981,0.048330203976488365,4.779665241369916,5.556222155709684,69,0.003030169953010408,4.40049206949374
health-news,health,527,112808,4064,0.00807811398264815,0.013140982256039472,0.011687329427970794,0.0360258137720729,0.03495404558326668,0.037129180376563355,1.626738900226761,1.446789368542616,131,0.005752931360063238,2.2842237171929374
music-celebrity,music,215,112435,8774,0.003295625249087955,0.013097531557671425,0.025232438090801116,0.07803619869257794,0.07648273345539063,0.07961849660974514,3.9742175058575273,7.656343237989224,44,0.0019322822888762023,6.7782702522667275
tvnews,tv,490,111101,8419,0.007510959870014409,0.012942134153856477,0.024211522257403077,0.07577789578851675,0.07423638148373088,0.07734874511998119,1.7230998937332425,3.223492426588698,172,0.007553467129243336,1.7134031210317782
autosnews,autos,1133,106098,2661,0.01736717863821699,0.012359335644646443,0.007652555021611782,0.025080585873437766,0.02415673130219163,0.02603882973232362,0.7116490192281065,0.4406331725506703,353,0.015502173817574986,0.7972646797853942
musicnews,music,531,102915,7473,0.008139427940770716,0.011988548585918572,0.021490997247840978,0.07261332167322548,0.07104379232643232,0.07421475554405008,1.4728981782451147,2.6403572098957624,242,0.010627552588819112,1.1280629745865778
nutrition,health,244,102728,3159,0.003740151445476563,0.01196676499183057,0.009084713007618045,0.030751109726656803,0.029712803072535616,0.031824509692900974,3.19954022351247,2.428969291766336,81,0.003557156031794827,3.3641383410984433
football_ncaa,sports,2107,99928,4013,0.03229712744106196,0.01164059352955032,0.011540662646271356,0.040158914418381236,0.03895919307733121,0.04139398906761688,0.36042194621775214,0.3573278356513767,734,0.03223398181898028,0.36112800444331106
autosenthusiasts,autos,260,99807,2992,0.003985407277966829,0.011626498262787494,0.008604451193033616,0.029977857264520524,0.028937878570592438,0.031054015809850382,2.9172672833374254,2.1589891805043346,69,0.003030169953010408,3.836912926694696
movies-gallery,movies,68,95738,1722,0.0010423372880836322,0.011152501234209515,0.004952160746792743,0.017986588397501516,0.017163864685449625,0.018847991847554677,10.6995128752553,4.751015629400955,19,0.0008343946247419964,13.365979242325519
traveltripideas,travel,263,95661,1971,0.004031392746558754,0.011143531518996809,0.005668239739795874,0.020604007902907142,0.01972287746331248,0.021523639006577847,2.7641890085030942,1.4060251868623697,70,0.003074085459575776,3.624990803129662
cma-awards,music,38,95076,2558,0.0005824826021643828,0.011075384981341828,0.0073563456389639,0.026904791955908957,0.02589524737194349,0.02795256495363879,19.014104352967845,12.629296757755972,37,0.0016248737429186246,6.816151119192831
elections-2020-us,news,136,91629,3804,0.0020846745761672644,0.010673844613313247,0.010939616423228568,0.04151524080804112,0.04024274569996904,0.042826177380861266,5.120149080024483,5.24763747219548,107,0.0046989592024944005,2.2715337914930465
baseball_mlb,sports,2166,88938,2966,0.033201508323369815,0.010360370540100335,0.008529679892559393,0.033349074636263465,0.032189085325123434,0.03454937389116047,0.3120451769598641,0.2569063974288041,530,0.023275218479645164,0.44512452371438627
basketball_nba,sports,1997,86047,2780,0.030610993592691375,0.010023598505295977,0.007994777512243801,0.03230792473880554,0.031147227857793825,0.033510378790750674,0.327450936048322,0.2611734077835559,639,0.0280620086952703,0.3571946190361419
tipsandtricks,foodanddrink,278,82290,1644,0.004261320089518379,0.009585946296800653,0.004727846845370075,0.01997812613926358,0.019044266953536917,0.02095679996066115,2.2495250521966943,1.1094793974757302,84,0.0036889025514909315,2.598590275291044
viral,video,231,76909,3030,0.0035408810815782212,0.008959114640182786,0.00871373232449594,0.03939720968937316,0.038045178654881044,0.040795250898970355,2.5301935969534397,2.46089380686349,66,0.002898423433314303,3.091030295024276
lifestylecelebstyle,lifestyle,62,70411,1913,0.0009503663508997823,0.00820216386807669,0.005501442223353378,0.027169050290437573,0.02599376500841036,0.028395925850446774,8.630528490735276,5.788759480114963,28,0.0012296341838303104,6.6704097657133685
wellness,health,401,69927,2221,0.006146724301787302,0.008145782801025389,0.006387194552048015,0.031761694338381455,0.030487420671096752,0.03308741077775207,1.3252233874645745,1.0391216912381755,161,0.007070396557024286,1.152097019640678
movienews,movies,283,66285,3069,0.0043379625371715875,0.007721526920445149,0.008825889275207275,0.046300067888662595,0.04472649537238887,0.04792622450711106,1.7799893047208502,2.0345701927066155,124,0.005445522814105661,1.4179587863343266
more_sports,sports,1498,57947,2042,0.022962077316901194,0.006750234901697746,0.005872422906475482,0.0352390977962621,0.03376838331328164,0.0367714286362217,0.29397318058541894,0.25574440959455774,639,0.0280620086952703,0.24054710320275333
traveltips,travel,81,56709,977,0.0012416076519819737,0.006606020519446692,0.002809675406281364,0.017228305912641732,0.016189592449181143,0.018332420704440983,5.320537859847695,2.2629333846294277,35,0.001537042729787888,4.297876949952018
personalfinance,finance,126,54340,1396,0.0019313896808608479,0.006330056164396009,0.004014643671615951,0.0256900993743099,0.024393043417461492,0.027054211391333287,3.2774619369275144,2.078629554356202,34,0.0014931272232225198,4.239462027042986
movies-celebrity,movies,218,54131,2473,0.00334161071767988,0.006305709794532947,0.007111901002798172,0.04568546673809832,0.043958496496788874,0.047476914145097665,1.8870270439254144,2.128285310185996,41,0.0018005357691800975,3.502129700763652
humor,entertainment,27,53793,989,0.00041386921732732457,0.0062663362394434026,0.002844185237269467,0.01838529176658673,0.017283953383166684,0.019555411253839257,15.140860873659582,6.87218357440687,13,0.000570901585349787,10.976210962181979
tv-gallery,tv,83,52883,1224,0.001272264631043257,0.006160330514202321,0.003520002760786479,0.023145434260537414,0.021898093108633436,0.024462048491612674,4.842019784163024,2.766722169978172,32,0.0014052962100917835,4.383652691840657
finance-retirement,finance,81,52691,1702,0.0012416076519819737,0.006137964471074532,0.004894644361812571,0.0323015315708565,0.030825698364555933,0.03384555530045056,4.943562051406918,3.9421828256287474,32,0.0014052962100917835,4.367737155338692
medical,health,612,48217,1928,0.00938103559275269,0.005616789070273875,0.005544579512088506,0.039985897090237886,0.03827342898171928,0.041771658205672406,0.5987387015792925,0.5910413042641013,230,0.010100566510034693,0.5560865387791583
animals,video,283,47878,2425,0.0043379625371715875,0.005577299025376373,0.006973861678845761,0.050649567651113246,0.048721186268017164,0.052650049902903534,1.2856955258569038,1.6076352940089744,92,0.004040226604013877,1.3804421315961455
football_nfl_videos,sports,187,46718,810,0.0028664275422299887,0.005442170848145983,0.0023294135916969347,0.017338070979065884,0.016193529425950492,0.018561981232847104,1.898590063055335,0.812653924572859,53,0.0023275218479645162,2.338182497794947
newsscienceandtechnology,news,1599,45844,1451,0.024510254759496,0.005340358755991362,0.0041728137303114225,0.03165081581013873,0.030087080526964315,0.033293034356538846,0.2178826294705219,0.1702476686291786,540,0.023714373545298845,0.2251950170975543
lifestylehomeandgarden,lifestyle,194,43708,1447,0.00297372696894448,0.0050915365261947135,0.004161310453315388,0.03310606753912327,0.03146937037244359,0.03482482731196746,1.7121735046179936,1.3993586152236563,75,0.0032936629924026173,1.5458583765063976
basketball_ncaa,sports,1012,41183,1141,0.01551243140500935,0.004797399761102702,0.0032813097631187683,0.02770560668236894,0.0261639637676782,0.029335350524390482,0.30926162610159885,0.2115277532868994,560,0.02459268367660621,0.1950742677858386
awards,entertainment,27,40162,975,0.00041386921732732457,0.004678463667178367,0.002803923767783347,0.02427667944823465,0.022816347511773527,0.025828007688000768,11.30420787849564,6.7749029171351856,27,0.0011857186772649421,3.945677635752541
video,health,106,40034,550,0.001624819890248015,0.0046635529717598415,0.0015817005869547087,0.013738322425937952,0.012643837046960916,0.014926117241309236,2.87019687520442,0.9734621027523706,49,0.002151859821703043,2.1672196881621093
quickandeasy,foodanddrink,48,38332,1042,0.0007357674974707993,0.004465287318616632,0.0029966036574669208,0.02718355421058124,0.025602394470563762,0.02885947148491281,6.06888362691483,4.072758945954728,15,0.0006587325984805235,6.778603835481289
finance-saving-investing,finance,84,37977,1001,0.0012875931205738986,0.004423933436791815,0.00287869506825757,0.026358058825078336,0.02479415316376806,0.028017774686631268,3.4358163041598146,2.2357179626546113,32,0.0014052962100917835,3.1480433840370754
finance-taxes,finance,42,37713,627,0.0006437965602869493,0.004393180127491105,0.0018031386691283679,0.016625566780685705,0.015383448461579737,0.01796614843385508,6.823863932315827,2.8007895356332493,25,0.0010978876641342058,4.001484187323999
autosclassics,autos,146,34737,1334,0.002237959471473681,0.004046506459010382,0.003836342878177421,0.0384028557445951,0.03643253161283461,0.04047526182641481,1.8081232080336938,1.7142146348393053,38,0.0016687892494839929,2.4248157520559315
newsopinion,news,335,33326,2583,0.005135043992764953,0.003882139339982727,0.007428241120189114,0.0775070515513413,0.07468466116431642,0.0804268314963396,0.7560089739158004,1.446577893131037,102,0.004479381669667559,0.86666857755634
weightloss,health,136,31863,1315,0.0020846745761672644,0.0037117147509412958,0.003781702312446258,0.04127043906725669,0.039141070092698384,0.043510405178995064,1.7804768156022666,1.8140492313188896,49,0.002151859821703043,1.7248868692588624
travelarticle,travel,1428,28863,917,0.021889083049756276,0.0033622453270695987,0.0026371262513408505,0.031770779198281536,0.029808870615607726,0.033857307114381306,0.15360375395473844,0.12047678038163474,657,0.028852487813446927,0.11653225014109868
videos,foodanddrink,107,28117,498,0.0016401483797786566,0.0032753439303335034,0.0014321579860062635,0.017711704662659603,0.01623453847042313,0.019320637226749073,1.9969802553934308,0.8731880625334264,48,0.002107944315137675,1.5538095132838377
autossuvs,autos,72,27666,629,0.0011036512462061989,0.0032228070269447917,0.0018088903076263851,0.022735487602110895,0.02104418054696526,0.024559313809828016,2.9201317336642267,1.6390053595684737,29,0.0012735496903956787,2.5305703038124086
icehockey_nhl,sports,721,26632,748,0.01105184095159263,0.003102356565517013,0.002151112798258404,0.028086512466206068,0.026169241433399784,0.03013990356355726,0.2807094835245477,0.19463841433118137,343,0.015063018751921304,0.20595848791075191
movievideo,movies,81,26230,336,0.0012416076519819737,0.003055527662718206,0.0009662752676668766,0.01280975981700343,0.011518450570350346,0.014243748987101564,2.4609446130914856,0.7782452581734777,44,0.0019322822888762023,1.5813050092671879
newstrends,foodanddrink,1616,26094,763,0.024770839081516907,0.0030396850488360223,0.002194250086993532,0.029240438414961295,0.027264497762560992,0.03135496550740343,0.12271223590096808,0.08858198463817082,609,0.026744543498309254,0.11365626969958138
autosmotorcycles,autos,178,26019,870,0.002728471136454214,0.0030309483132392296,0.0025019627466374484,0.03343710365502133,0.031320652682498756,0.03569130147247698,1.1108595846016902,0.9169834026131115,81,0.003557156031794827,0.8520706671700061
fitness,health,123,24776,1119,0.001885404212268923,0.00288615148194839,0.00321804173964058,0.04516467549241201,0.04264861743723443,0.0478217539146647,1.5307865884499925,1.7068179431761965,40,0.0017566202626147292,1.6430138848861697
ustravel,travel,7,23679,386,0.00010729942671449156,0.002758362162619306,0.0011100662301173046,0.01630136407787491,0.014765138270211524,0.017994505886918588,25.707147252136895,10.345500102913245,7,0.0003074085459575776,8.972952115000602
lifestyledidyouknow,lifestyle,112,23499,854,0.001716790827431865,0.0027373939971870043,0.0024559496386533115,0.03634197199880846,0.034024046155409084,0.03881146447082775,1.594483121325766,1.4305468082720065,28,0.0012296341838303104,2.2261856682123313
autossports,autos,66,23109,477,0.001011680309022349,0.0026919629720836835,0.0013717657817770837,0.02064130858107231,0.018886256006824163,0.02255570432190674,2.6608830359514446,1.3559281222965665,21,0.0009222256378727329,2.9189851827294073
music-gallery,music,52,22857,246,0.0007970814555933658,0.002662607540478461,0.000707451535256106,0.010762567266045412,0.009504702506767422,0.012184851646952372,3.3404459754948816,0.8875523703276509,16,0.0007026481050458917,3.7893897690146896
awardstyle,lifestyle,12,21580,634,0.00018394187436769982,0.0025138500557170752,0.0018232694038714278,0.0293790546802595,0.027208433489988734,0.03171719665083724,13.666545827905878,9.912204114147016,11,0.00048307057221905057,5.2038981471575925
science,video,152,20193,540,0.002329930408657531,0.0023522786920803936,0.0015529423944646232,0.026741940276333382,0.024605201888966394,0.02905870694700366,1.0095918244338205,0.6665187890137044,40,0.0017566202626147292,1.339093452434066
lifestylepetsanimals,lifestyle,78,19141,704,0.0011956221833900487,0.0022297314141093852,0.0020245767513020273,0.036779687581631054,0.03420483686877389,0.03954043085033848,1.8649130512008727,1.6933248474543803,34,0.0014931272232225198,1.4933298244319062
newsphotos,news,22,18673,636,0.0003372267696741163,0.0021752141839854007,0.001829021042369445,0.03405987254324425,0.03155262728434017,0.03675878723581361,6.450301042492708,5.423712489186267,12,0.0005269860787844188,4.127650181960963
internationaltravel,travel,6,17880,191,9.197093718384991e-05,0.0020828377662753155,0.0005492814765606352,0.010682326621923937,0.009277099444101293,0.01229776520168144,22.646695032711502,5.972337494643787,6,0.0002634930393922094,7.904716462642535
lifestylevideo,lifestyle,18,17700,435,0.0002759128115515497,0.0020618696008430134,0.0012509813733187242,0.02457627118644068,0.022396394582167488,0.026962466931208455,7.472902723322028,4.533973490698163,10,0.0004391550656536823,4.695083268079626
finance-savemoney,finance,76,17561,275,0.0011649652043287655,0.0020456775175369583,0.0007908502934773543,0.015659700472638233,0.013926498848136971,0.017604754087970038,1.7559988143299483,0.6788617295509952,36,0.0015809582363532563,1.2939478542176133
lifestyleparenting,lifestyle,41,17252,413,0.0006284680707563077,0.0020096821668781732,0.0011877133498405358,0.023939253419893346,0.021762042764770704,0.026328423342085124,3.197747443970689,1.889854719924314,18,0.0007904791181766282,2.54235959011016
ads-lung-health,health,11,17223,555,0.00016861338483705816,0.0020063039624474135,0.0015960796831997516,0.03222435115833479,0.029689511018214362,0.034967812350276475,11.89884162746767,9.465913306598672,10,0.0004391550656536823,4.568554752889005
golf,sports,551,16319,930,0.00844599773138355,0.0019009971760540756,0.002674511901577962,0.056988786077578284,0.05353517697884707,0.06065091393692874,0.22507668561055497,0.3166602675773922,133,0.005840762373193975,0.32547072703704777
autostrucks,autos,37,15711,298,0.000567154112633741,0.0018301713728160782,0.0008569941362045512,0.01896760231684807,0.016949195506821446,0.021221183773970143,3.2269383789128465,1.5110427961543924,11,0.00048307057221905057,3.7886211209449923
beverages,foodanddrink,71,15376,481,0.0010883227566755571,0.0017911472871504053,0.001383269058773118,0.03128251821019771,0.0286459047470504,0.03415327698747662,1.6457868551988473,1.2710099557216996,21,0.0009222256378727329,1.942200708366756
popculture,video,106,14967,434,0.001624819890248015,0.0017435029556958973,0.0012481055540697157,0.028997127012761408,0.026427371116372497,0.031808597864984425,1.0730438285253674,0.7681500956264161,32,0.0014052962100917835,1.2406658063797273
music-awards,music,27,14610,522,0.00041386921732732457,0.0017019160942551652,0.001501177647982469,0.03572895277207392,0.032839149441099814,0.03886283677336214,4.11220748729698,3.6271787925585297,10,0.0004391550656536823,3.875433138228437
newsoffbeat,news,546,14277,390,0.008369355283730342,0.001663124988205407,0.001121569507113339,0.027316663164530363,0.024767348269111242,0.03012027590071996,0.1987160219423889,0.1340090686905861,210,0.009222256378727329,0.18033818622107298
soccer,sports,213,14090,297,0.0032649682700266716,0.0016413413941174044,0.0008541183169555427,0.02107877927608233,0.01883418810755618,0.02358444279356925,0.5027128162884096,0.26160080169739763,101,0.004435466163102191,0.37004935530145955
tvvideos,tv,42,13888,520,0.0006437965602869493,0.0016178104529100436,0.0014954260094844519,0.03744239631336405,0.03441079697769958,0.04072981428790781,2.512921864927272,2.3228238573034923,12,0.0005269860787844188,3.06993015193455
lifestylebeauty,lifestyle,34,13875,367,0.0005211686440418161,0.0016162960854065995,0.001055425664386142,0.02645045045045045,0.0239085782096001,0.02925446576708278,3.1012918829339924,2.025113514506563,18,0.0007904791181766282,2.044704342266315
lifestylecareer,lifestyle,33,13868,261,0.0005058401545111745,0.001615480656750899,0.0007505888239912345,0.018820305739832708,0.016688279410588765,0.021218833382019395,3.1936583965186407,1.4838458696830348,23,0.0010100566510034693,1.599396088472814
sports_news,sports,4,11929,1296,6.13139581225666e-05,0.0013896069191218254,0.0037270617467150954,0.10864280325257775,0.10318392036622968,0.11435366008170812,22.66379404741741,60.786513558049855,1,4.3915506565368234e-05,31.642739155323085
finance-career,finance,20,11411,304,0.000306569790612833,0.001329265198599979,0.0008742490516986027,0.026640960476732978,0.02384187275953622,0.02975864907231983,4.3359301513132715,2.8517129817356723,6,0.0002634930393922094,5.044782972886686
autosownership,autos,29,10347,409,0.00044452619638860784,0.0012053200429334836,0.0011762100728445015,0.03952836570986759,0.035941692733257896,0.04345682400475513,2.711471343479124,2.645985956283779,7,0.0003074085459575776,3.920906099662622
lifestyle,video,144,10250,275,0.0022073024924123977,0.001194020531561632,0.0007908502934773543,0.026829268292682926,0.023873969330148986,0.03013910089771779,0.5409410516529011,0.3582881350408031,44,0.0019322822888762023,0.6179327619134073
autosresearchguides,autos,18,9575,122,0.0002759128115515497,0.0011153899111905003,0.0003508499483790445,0.012741514360313316,0.010682397758058577,0.015191447203898575,4.042544834791436,1.2715971629084502,4,0.00017566202626147294,6.34963591692972
factcheck,news,43,8859,197,0.000659125049817591,0.0010319832086931218,0.0005665363920546865,0.022237272829890506,0.019367511432459295,0.025521191662273894,1.565686524853997,0.8595279336014799,29,0.0012735496903956787,0.8103203325914164
finance-top-stocks,finance,145,8780,133,0.002222630981943039,0.0010227805138645005,0.00038248396011813867,0.015148063781321185,0.012797031070557633,0.017923179453019213,0.46016658733442956,0.1720861282081871,44,0.0019322822888762023,0.5293121609365578
mentalhealth,health,9,8532,397,0.00013795640577577486,0.0009938910414911068,0.0011417002418563989,0.046530707923112986,0.04226176924141109,0.051207804047842975,7.2043848627552025,8.27580448646975,4,0.00017566202626147294,5.657973226448497
finance-video,finance,105,8264,124,0.0016094914007173733,0.0009626717729585686,0.0003566015868770616,0.015004840271055178,0.012600007414559142,0.01786035640289318,0.598121724993058,0.22156166023510232,30,0.001317465196961047,0.7306999647346522
football_ncaa_videos,sports,44,8243,153,0.0006744535393482326,0.0009602254869914667,0.00044000034509830986,0.018561203445347566,0.01586385301842276,0.021707071603790325,1.4237088709170296,0.6523805116709895,14,0.0006148170919151552,1.5618067545916205
news,video,1711,7974,327,0.026227045586927865,0.0009288897286509712,0.0009403928944257996,0.041008276899924756,0.036872083834607584,0.045586493741329594,0.035417246123747546,0.03585584549769159,811,0.03561547582451364,0.02608107029730119
autossema,autos,20,7971,215,0.000306569790612833,0.0009285402592270995,0.0006183011385368407,0.026972776314138754,0.0236377429674953,0.030763521441446295,3.028805471572876,2.0168364837933206,8,0.00035132405252294587,2.642973780357535
advice,lifestyle,27,7121,229,0.00041386921732732457,0.000829523922463452,0.0006585626080229606,0.03215840471843842,0.028306418482266282,0.03651487775148013,2.0043141353211364,1.5912336082297,9,0.0003952395590883141,2.0987876931572518
finance-career-education,finance,156,7073,210,0.0023912443667800974,0.0008239324116815047,0.0006039220422917979,0.029690371836561574,0.0259829358968284,0.03390839574977943,0.34456219662357696,0.2525555525322584,77,0.003381494005533354,0.2436592850181759
causes-military-appreciation,news,1,6992,22,1.532848953064165e-05,0.0008144967372369689,6.326802347818835e-05,0.003146453089244851,0.0020788553814399505,0.004759701367208678,53.13613814386538,4.127479315670052,1,4.3915506565368234e-05,18.54690520362302
lifestylediy,lifestyle,14,6650,206,0.00021459885342898312,0.0007746572229155955,0.0005924187652957637,0.030977443609022555,0.027076473092348417,0.03541997522164499,3.6097919934691154,2.7605868150260733,8,0.00035132405252294587,2.204964952876378
finance-insurance,finance,16,6558,137,0.0002452558324902664,0.00076394016058353,0.0003939872371141729,0.0208905154010369,0.01769925586768978,0.024642739220778618,3.1148705122592713,1.6064337109284008,12,0.0005269860787844188,1.449640116387297
topnews,music,2,6214,652,3.06569790612833e-05,0.0007238676666462421,0.001875034150353582,0.10492436433859029,0.09754732060126564,0.11278957323596414,23.611839418333773,61.1617389503835,1,4.3915506565368234e-05,16.483190637201577
lifestylefamilyandrelationships,lifestyle,34,5814,99,0.0005211686440418161,0.0006772717434633492,0.0002847061056518476,0.017027863777089782,0.014007069690078824,0.020686460590756357,1.2995251176488816,0.5462840270739775,16,0.0007026481050458917,0.9638846794002451
ads-latingrammys,music,9,5664,87,0.00013795640577577486,0.0006597982722697643,0.0002501962746637448,0.015360169491525424,0.012470169994589489,0.018907111835325625,4.782657742926098,1.8135893962792649,8,0.00035132405252294587,1.8780333072318502
finance-healthcare,finance,14,5650,89,0.00021459885342898312,0.000658167414958363,0.00025594791316176194,0.01575221238938053,0.012818964654754073,0.019343496946817522,3.0669661297895487,1.1926807113462161,5,0.00021957753282684115,2.997426041203377
celebhub,entertainment,1,5620,101,1.532848953064165e-05,0.0006546727207196461,0.0002904577441498647,0.01797153024911032,0.014813159664286861,0.02178841602519898,42.70953895430828,18.948882312848877,1,4.3915506565368234e-05,14.90755252350706
autosbuying,autos,38,5393,83,0.0005824826021643828,0.0006282295343133543,0.00023869299766771058,0.015390320786204338,0.012432965285837011,0.019037564303855163,1.0785378515667001,0.40978562583805533,15,0.0006587325984805235,0.953694315056626
lifestylefamily,lifestyle,195,5253,177,0.002989055458475122,0.0006119209611993418,0.0005090200070745153,0.0336950314106225,0.029146078897609208,0.03892549252485696,0.20472051111139825,0.1702946011360371,82,0.003601071538360195,0.1699274659447587
finance-billstopay,finance,13,5081,46,0.00019927036389834145,0.0005918847142306978,0.00013228768545439382,0.009053335957488683,0.0067945575404317424,0.012053907961759596,2.970259614383251,0.6638603095133649,11,0.00048307057221905057,1.225255166158838
autoslosangeles,autos,1,4987,65,1.532848953064165e-05,0.000580934672282718,0.00018692825118555648,0.013033888109083618,0.010239805441616585,0.016577607999586987,37.89901615037996,12.194825250843335,1,4.3915506565368234e-05,13.228463422549769
indepth,news,2,4870,303,3.06569790612833e-05,0.0005673053647517218,0.0008713732324495941,0.062217659137577,0.055772523309970186,0.06935289654073115,18.504933692836417,28.423323469273313,1,4.3915506565368234e-05,12.918110460761456
mma,sports,585,4600,222,0.008967166375425365,0.000535853116603269,0.0006384318732799006,0.04826086956521739,0.04243557083044934,0.05484003321161772,0.059757240377716354,0.0711966129043319,169,0.007421720609547231,0.07220065868741443
yearinoffbeatgoodnews,news,2,4456,11,3.06569790612833e-05,0.0005190785842574276,3.1634011739094176e-05,0.002468581687612208,0.00137900326570654,0.004415251767638822,16.93182433989303,1.031869828917513,1,4.3915506565368234e-05,11.819938442125883
healthnews,health,39,4340,31,0.0005978110916950244,0.0005055657665343886,8.91503967192654e-05,0.007142857142857143,0.005036744047647644,0.010120682724223852,0.8456948583889857,0.14912804054285733,8,0.00035132405252294587,1.4390297587193204
causes-disaster-relief,news,3,4212,44,4.5985468591924955e-05,0.0004906550711158629,0.0001265360469563767,0.010446343779677113,0.007791097604195711,0.013993748841710518,10.669785176485552,2.7516528771133677,2,8.783101313073647e-05,5.586353312189656
newselection2020,news,8,4162,83,0.0001226279162451332,0.00048483058071800125,0.00023869299766771058,0.019942335415665546,0.016116673738036033,0.024653350877536943,3.953672178110121,1.9464817227307631,7,0.0003074085459575776,1.577153879075658
newsbusiness,news,74,4063,52,0.001134308225267482,0.0004732980897302352,0.00014954260094844518,0.012798424809254246,0.00977348534192495,0.0167437664154047,0.41725703753812277,0.13183594865776577,24,0.0010539721575688376,0.44906128338529944
financenews,finance,956,4029,151,0.014654035991293418,0.00046933743625968935,0.00043424870660029274,0.037478282452221394,0.032040432143456324,0.04379727730870993,0.03202786157605608,0.029633386110031273,373,0.01638048394888235,0.02865223260340318
lifestylesmartliving,lifestyle,76,3731,149,0.0011649652043287655,0.0004346234734884341,0.0004284970681022756,0.039935674082015545,0.03411131382845647,0.046706429614929997,0.3730785021505061,0.3678196280112665,39,0.001712704756049361,0.25376438755910596
entertainment-books,entertainment,123,3696,62,0.001885404212268923,0.0004305463302099309,0.0001783007934385308,0.016774891774891776,0.013108096094266532,0.021445130103010294,0.22835757309134533,0.09456900131986075,39,0.001712704756049361,0.25138385859513684
musicvideos,music,20,3161,91,0.000306569790612833,0.00036822428295281163,0.00026169955165977906,0.028788358114520723,0.0235067435784184,0.035213878367030875,1.2011107885637764,0.8536377675590334,6,0.0002634930393922094,1.3974725245197457
lifestylecleaningandorganizing,lifestyle,28,3159,48,0.00042919770685796623,0.0003679913033368971,0.00013803932395241094,0.015194681861348529,0.011479886973333488,0.02008712646082116,0.8573934516818748,0.3216217648574066,17,0.0007465636116112599,0.49291352754614615
travel-points-rewards,travel,12,3111,7,0.00018394187436769982,0.00036239979255495,2.013073474305993e-05,0.0022500803600128574,0.0010903724491851702,0.0046375142046187305,1.9701864722249856,0.1094407394306453,2,8.783101313073647e-05,4.126102838134383
finance-credit,finance,21,3094,9,0.00032189828014347465,0.00036041946581967705,2.5882373241077053e-05,0.0029088558500323207,0.0015311334438498805,0.005519407751053255,1.1196688148163854,0.08040544121435166,14,0.0006148170919151552,0.5862222611557047
causes,lifestyle,29,2992,83,0.00044452619638860784,0.0003485375054080393,0.00023869299766771058,0.027740641711229946,0.022434285522834937,0.034258119985015885,0.7840651647520576,0.5369604752360726,15,0.0006587325984805235,0.5291031690430975
autosresearch,autos,18,2696,40,0.0002759128115515497,0.00031405652225269856,0.00011503276996034245,0.01483679525222552,0.010914755322317546,0.02013946030459432,1.1382455221511971,0.41691710259293446,5,0.00021957753282684115,1.4302762136432399
autosluxury,autos,24,2637,20,0.00036788374873539964,0.00030718362358322183,5.7516384980171226e-05,0.0075843761850587785,0.004915120509305901,0.011686201267985554,0.8350018848050927,0.15634391347235044,14,0.0006148170919151552,0.4996341637581103
tv-recaps,tv,17,2578,42,0.00026058432202090805,0.0003003107249137451,0.00012078440845835957,0.016291698991466253,0.012075500219231006,0.02194729328754668,1.1524512395248767,0.4635137199415566,4,0.00017566202626147294,1.7095938792527223
lifestyleweddings,lifestyle,15,2551,93,0.00022992734295962475,0.00029716550009889985,0.0002674511901577962,0.036456291650333206,0.02985238001148629,0.044454171639794766,1.2924321930301352,1.1631987162342872,5,0.00021957753282684115,1.3533511205504098
autoshybrids,autos,6,2535,14,9.197093718384991e-05,0.00029530166317158415,4.026146948611986e-05,0.005522682445759369,0.0032926325621497614,0.009249095362635532,3.2108149836646342,0.4377629577225812,2,8.783101313073647e-05,3.362157086040071
racing,sports,420,2380,84,0.006437965602869493,0.0002772457429382131,0.00024156881691671914,0.03529411764705882,0.028597946492437413,0.043487996213545016,0.04306418518524558,0.0375225392333641,157,0.006894734530762813,0.04021122810475191
lifestylefashion,lifestyle,19,2135,32,0.0002912413010821914,0.00024870573998869114,9.202621596827396e-05,0.014988290398126464,0.01063684587749657,0.021081942133139936,0.8539507929148543,0.31597927775464507,5,0.00021957753282684115,1.1326556810564972
traveltrivia,travel,1,2013,30,1.532848953064165e-05,0.00023449398341790883,8.627457747025684e-05,0.014903129657228018,0.010458987648964448,0.021195190492546034,15.297918490217537,5.628380885004616,1,4.3915506565368234e-05,5.339662496409201
health-cancer,health,1,1958,89,1.532848953064165e-05,0.00022808704398026103,0.00025594791316176194,0.045454545454545456,0.03708442639424871,0.055604744793928254,14.87994257518427,16.697529958847028,1,4.3915506565368234e-05,5.1937700784745235
music-grammys,music,4,1883,24,6.13139581225666e-05,0.0002193503083834686,6.901966197620547e-05,0.012745618693574084,0.008579877079265451,0.018895382475978717,3.5774938545801813,1.1256761770009232,3,0.0001317465196961047,1.6649419573999877
causes-poverty,news,1,1864,75,1.532848953064165e-05,0.0002171370020322812,0.0002156864436756421,0.040236051502145924,0.03221974086323462,0.050143490820157594,14.165583738581962,14.070952212511541,1,4.3915506565368234e-05,4.944426673277075
lifestylemindandsoul,lifestyle,36,1836,32,0.0005518256231030994,0.00021387528740947868,9.202621596827396e-05,0.017429193899782137,0.012372786713805076,0.024500748500571122,0.3875776666672103,0.1667668410371738,21,0.0009222256378727329,0.23191210331434473
peopleandplaces,video,88,1813,26,0.0013489070786964652,0.00021119602182646232,7.477130047422259e-05,0.014340871483728626,0.009805232745340012,0.020930227715222478,0.15656825081721307,0.055431023867469696,32,0.0014052962100917835,0.15028576915657416
lifestylepets,lifestyle,109,1805,99,0.00167080535883994,0.00021026410336280447,0.0002847061056518476,0.05484764542936288,0.04525804750984633,0.06632799439362054,0.1258459594053453,0.17040052220656177,46,0.0020201133020069386,0.10408530212335697
autosmidsize,autos,1,1793,26,1.532848953064165e-05,0.0002088662256673177,7.477130047422259e-05,0.014500836586726157,0.009914811217755955,0.021162754666851406,13.626014830084474,4.877930100337334,1,4.3915506565368234e-05,4.756092824670491
newsfactcheck,news,18,1375,31,0.0002759128115515497,0.00016017348594119454,8.91503967192654e-05,0.022545454545454546,0.015928002074371547,0.03182328825672098,0.5805221042128694,0.32311075450952426,15,0.0006587325984805235,0.2431540298911294
foodanddrink,video,1,1288,17,1.532848953064165e-05,0.00015003887264891533,4.888892723314554e-05,0.013198757763975156,0.008256829586894306,0.021035819725691712,9.78823597386994,3.189415834835949,1,4.3915506565368234e-05,3.416535169088451
shop-apparel,lifestyle,17,1224,16,0.00026058432202090805,0.00014258352493965246,4.601310798413698e-05,0.013071895424836602,0.00806206717289867,0.021128557205527844,0.5471684705890028,0.17657665521583107,3,0.0001317465196961047,1.0822564821336087
entertainmenttv,entertainment,1,1138,54,1.532848953064165e-05,0.00013256540145533047,0.0001552942394464623,0.04745166959578207,0.036549073011614294,0.061399252438229815,8.64830166014285,10.131085593008308,1,4.3915506565368234e-05,3.0186467565393302
newsscience,news,18,1097,38,0.0002759128115515497,0.00012778931932908393,0.00010928113146232533,0.03463992707383774,0.0253400888175212,0.04718757461752643,0.46315108968837654,0.39607124746328776,7,0.0003074085459575776,0.4156986557775101
travel,lifestyle,1,990,15,1.532848953064165e-05,0.00011532490987766007,4.313728873512842e-05,0.015151515151515152,0.00920321814275285,0.024847946175599156,7.523566470598788,2.814190442502308,1,4.3915506565368234e-05,2.626063522824197
lifestylehoroscope,lifestyle,61,943,25,0.0009350378613691407,0.00010984988890367015,7.189548122521403e-05,0.026511134676564158,0.0180207108830192,0.038843570163307715,0.1174817549556989,0.07689044924869692,26,0.001141803170699574,0.09620737770097973
baseball_mlb_videos,sports,42,938,9,0.0006437965602869493,0.00010926743986388399,2.5882373241077053e-05,0.009594882729211088,0.005055995946254731,0.018134169039731786,0.16972355337714437,0.04020272060717583,6,0.0002634930393922094,0.41468814552341704
gaming,entertainment,172,832,49,0.002636500199270364,9.691952022041736e-05,0.0001409151432014195,0.05889423076923077,0.044832953602881476,0.07701007984078659,0.03676067244267202,0.053447802977757,81,0.003557156031794827,0.027246350554803997
retirement,finance,10,817,9,0.0001532848953064165,9.517217310105887e-05,2.5882373241077053e-05,0.011015911872705019,0.005806159526979612,0.02080246091487018,0.6208842228766879,0.1688514265501385,2,8.783101313073647e-05,1.0835827768421056
tv-golden-globes,tv,4,744,7,6.13139581225666e-05,8.66684171201809e-05,2.013073474305993e-05,0.009408602150537635,0.004564853997567477,0.019292420308712827,1.4135185490215905,0.328322218291936,4,0.00017566202626147294,0.4933816315609098
finance-mutual-funds,finance,5,689,11,7.664244765320825e-05,8.026147768253312e-05,3.1634011739094176e-05,0.015965166908563134,0.00893766465421859,0.028360130522010665,1.0472196562106193,0.4127479315670052,3,0.0001317465196961047,0.6092113694363206
causes-food-insecurity,foodanddrink,5,662,5,7.664244765320825e-05,7.711625286768785e-05,1.4379096245042806e-05,0.0075528700906344415,0.0032303245123967783,0.017557595250378946,1.006182020916444,0.18761269616682053,1,4.3915506565368234e-05,1.75601419405012
newsweather,news,14,617,17,0.00021459885342898312,7.187421150961239e-05,4.888892723314554e-05,0.027552674230145867,0.017272514852910884,0.04367937275552145,0.3349235578902924,0.22781541677399633,5,0.00021957753282684115,0.32732953405707677
autosvideos,autos,4,586,16,6.13139581225666e-05,6.826302746293818e-05,4.601310798413698e-05,0.027303754266211604,0.01687512691743244,0.04388943665250403,1.1133358464067904,0.7504507846672821,2,8.783101313073647e-05,0.7772086991792826
lifestylerelationships,lifestyle,51,505,14,0.0007817529660627242,5.882735301840236e-05,4.026146948611986e-05,0.027722772277227723,0.016584417326573946,0.045991967259876275,0.0752505658081281,0.05150152443795073,16,0.0007026481050458917,0.0837223534738775
outdoors,sports,46,504,15,0.000705110518409516,5.871086321044513e-05,4.313728873512842e-05,0.02976190476190476,0.018117613645473662,0.04852022821029077,0.0832647672635439,0.06117805309787626,31,0.0013613807035264152,0.04312596987629181
tennis,sports,162,463,24,0.0024832153039639473,5.39347810841986e-05,6.901966197620547e-05,0.05183585313174946,0.035077914317122566,0.0759693327539769,0.021719736101055237,0.027794473506195634,64,0.002810592420183567,0.01918982656356697
movies-awards,movies,12,456,2,0.00018394187436769982,5.3119352428497976e-05,5.7516384980171226e-06,0.0043859649122807015,0.0012036149496031708,0.015848911894766775,0.28878335947752926,0.03126878269447009,3,0.0001317465196961047,0.4031935913831091
lifestyledecor,lifestyle,11,402,6,0.00016861338483705816,4.6828902798807425e-05,1.7254915494051368e-05,0.014925373134328358,0.006857913991291445,0.03217569993944568,0.2777294509807817,0.10233419790917483,8,0.00035132405252294587,0.13329261820395547
newstechnology,news,1,390,0,1.532848953064165e-05,4.543102510332063e-05,0.0,0.0,0.0,0.009753820311850517,2.963829215690432,0.0,1,4.3915506565368234e-05,1.034509872627714
autosvideonew,autos,7,388,11,0.00010729942671449156,4.519804548740617e-05,3.1634011739094176e-05,0.028350515463917526,0.015902833681119003,0.0500459275818364,0.4212328702153434,0.2948199511192894,2,8.783101313073647e-05,0.5146023468968629
lifestylewhatshot,lifestyle,2,375,3,3.06569790612833e-05,4.368367798396215e-05,8.627457747025684e-06,0.008,0.0027243775654703616,0.023253399131224532,1.4249178921588617,0.2814190442502308,2,8.783101313073647e-05,0.49736051568640105
finance-education,finance,13,358,4,0.00019927036389834145,4.1703351248689196e-05,1.1503276996034245e-05,0.0111731843575419,0.00435337503826925,0.028372169622333084,0.2092802483663066,0.057726983435944776,2,8.783101313073647e-05,0.4748135056419508
basketball_ncaa_videos,sports,18,326,3,0.0002759128115515497,3.797567739405776e-05,8.627457747025684e-06,0.009202453987730062,0.00313450403809056,0.02670243294333379,0.13763651343519667,0.03126878269447009,10,0.0004391550656536823,0.08647441499400893
soccer_mls,sports,46,299,6,0.000705110518409516,3.4830452579212486e-05,1.7254915494051368e-05,0.020066889632107024,0.009228499237647788,0.0430809133585764,0.04939715359484052,0.024471221239150503,31,0.0013613807035264152,0.02558465276391121
tv-golden-globes-video,tv,1,253,0,1.532848953064165e-05,2.9471921413179797e-05,0.0,0.0,0.0,0.014956537150709458,1.9226892091530239,0.0,1,4.3915506565368234e-05,0.6711051224995171
newsworldpolitics,news,5,236,8,7.664244765320825e-05,2.7491594677906847e-05,2.300655399206849e-05,0.03389830508474576,0.017275006646506767,0.06545238718379692,0.3586993307194574,0.30018031386691285,1,4.3915506565368234e-05,0.6260111024106167
soccer_epl,sports,34,219,7,0.0005211686440418161,2.5511267942633894e-05,2.013073474305993e-05,0.0319634703196347,0.015567715862581072,0.06449574681224361,0.04895012053063382,0.03862614332846305,16,0.0007026481050458917,0.03630731764510727
finance-small-business,finance,39,218,15,0.0005978110916950244,2.5394778134676662e-05,4.313728873512842e-05,0.06880733944954129,0.042138187795358925,0.11040975793396875,0.04247960348589836,0.07215872929493097,25,0.0010978876641342058,0.02313057971618889
movies-oscars,movies,5,196,2,7.664244765320825e-05,2.283200235961755e-05,5.7516384980171226e-06,0.01020408163265306,0.0028028021723191243,0.03643559644110273,0.29790283398734596,0.07504507846672821,3,0.0001317465196961047,0.17330250857695043
basketball_nba_videos,sports,10,194,2,0.0001532848953064165,2.2599022743703085e-05,5.7516384980171226e-06,0.010309278350515464,0.002831743806059401,0.036803319882997426,0.1474315045753702,0.037522539233364106,2,8.783101313073647e-05,0.25730117344843145
tunedin,video,9,191,5,0.00013795640577577486,2.2249553319831387e-05,1.4379096245042806e-05,0.02617801047120419,0.01123237628656731,0.05980722126352053,0.16127959549768445,0.10422927564823362,5,0.00021957753282684115,0.1013289157291761
lifestylelovesex,lifestyle,18,156,4,0.0002759128115515497,1.8172410041328255e-05,1.1503276996034245e-05,0.02564102564102564,0.010015466073008981,0.0640670586240257,0.06586287145978738,0.04169171025929345,9,0.0003952395590883141,0.045978216561231744
wines,foodanddrink,17,120,2,0.00026058432202090805,1.3978776954867889e-05,5.7516384980171226e-06,0.016666666666666666,0.004582564565921141,0.0587359629721589,0.053643967704804195,0.022072081901978884,10,0.0004391550656536823,0.03183107300392967
tv-reviews,tv,2,111,2,3.06569790612833e-05,1.2930368683252796e-05,5.7516384980171226e-06,0.018018018018018018,0.004955178708528081,0.06332555284276006,0.421775696079023,0.18761269616682053,1,4.3915506565368234e-05,0.2944374252863494
causes-animals,lifestyle,8,98,0,0.0001226279162451332,1.1416001179808776e-05,0.0,0.0,3.469446951953614e-18,0.037719990121680605,0.09309463562104563,0.0,5,0.00021957753282684115,0.05199075257308513
holidays,lifestyle,4,91,0,6.13139581225666e-05,1.0600572524108148e-05,0.0,0.0,0.0,0.04050400392888021,0.17289003758194185,0.0,2,8.783101313073647e-05,0.12069281847323331
lifestylehoroscopefish,lifestyle,1,76,0,1.532848953064165e-05,8.853225404749663e-06,0.0,0.0,0.0,0.048113585065137326,0.5775667189550585,0.0,1,4.3915506565368234e-05,0.20159679569155456
causes-green-living,lifestyle,8,72,1,0.0001226279162451332,8.387266172920733e-06,2.8758192490085613e-06,0.013888888888888888,0.002455951882905767,0.07456602147476155,0.06839605882362536,0.023451587020852566,2,8.783101313073647e-05,0.095493219011789
reviews,movies,5,66,0,7.664244765320825e-05,7.688327325177339e-06,0.0,0.0,0.0,0.05500255701354129,0.10031421960798385,0.0,1,4.3915506565368234e-05,0.17507090152161317
people-places,kids,6,63,0,9.197093718384991e-05,7.3388579013056415e-06,0.0,0.0,3.469446951953614e-18,0.05747119958885172,0.07979540196089624,0.0,5,0.00021957753282684115,0.03342262665412615
pregnancyparenting,lifestyle,13,61,8,0.00019927036389834145,7.105878285391177e-06,2.300655399206849e-05,0.13114754098360656,0.0679807727490011,0.23801880192993463,0.035659483660180735,0.11545396687188955,4,0.00017566202626147294,0.04045198860916062
weight-loss,health,6,48,0,9.197093718384991e-05,5.591510781947155e-06,0.0,0.0,6.938893903907228e-18,0.07410012966611748,0.06079649673211142,0.0,3,0.0001317465196961047,0.04244143067190623
empowering-the-planet,news,2,39,1,3.06569790612833e-05,4.543102510332064e-06,2.8758192490085613e-06,0.02564102564102564,0.004540703100990098,0.13180990169850076,0.1481914607845216,0.09380634808341026,1,4.3915506565368234e-05,0.10345098726277142
fun,kids,4,35,1,6.13139581225666e-05,4.077143278503134e-06,2.8758192490085613e-06,0.02857142857142857,0.005061491855444203,0.14533087233613673,0.06649616830074687,0.04690317404170513,1,4.3915506565368234e-05,0.09284062959479486
photos,news,3,34,2,4.5985468591924955e-05,3.960653470545902e-06,5.7516384980171226e-06,0.058823529411764705,0.016282655210122746,0.19093606904280996,0.08612837037049118,0.12507513077788035,1,4.3915506565368234e-05,0.09018804017780073
northamerica-video,northamerica,1,29,1,1.532848953064165e-05,3.3782044307597397e-06,2.8758192490085613e-06,0.034482758620689655,0.006113214292762653,0.17175521879320288,0.2203873006539039,0.18761269616682053,1,4.3915506565368234e-05,0.07692509309283004
finance-startinvesting,finance,1,27,0,1.532848953064165e-05,3.145224814845275e-06,0.0,0.0,0.0,0.12455502974186705,0.20518817647087606,0.0,1,4.3915506565368234e-05,0.07161991425884175
finance-home-loans,finance,1,27,1,1.532848953064165e-05,3.145224814845275e-06,2.8758192490085613e-06,0.037037037037037035,0.006568145980785103,0.18283465933575843,0.20518817647087606,0.18761269616682053,1,4.3915506565368234e-05,0.07161991425884175
downtime,video,4,27,0,6.13139581225666e-05,3.145224814845275e-06,0.0,0.0,0.0,0.12455502974186705,0.051297044117719015,0.0,2,8.783101313073647e-05,0.03580995712942087
shop-all,lifestyle,37,24,0,0.000567154112633741,2.7957553909735777e-06,0.0,0.0,1.3877787807814457e-17,0.13797620467498017,0.004929445680982007,0.0,1,4.3915506565368234e-05,0.06366214600785934
cardio,health,1,22,0,1.532848953064165e-05,2.562775775059113e-06,0.0,0.0,0.0,0.14865487460862087,0.16719036601330642,0.0,1,4.3915506565368234e-05,0.05835696717387106
finance-technology,finance,26,20,1,0.0003985407277966829,2.329796159144648e-06,2.8758192490085613e-06,0.05,0.008881448800795402,0.23613119344674205,0.005845816993472252,0.007215872929493097,6,0.0002634930393922094,0.008841964723313797
music-reviews,music,4,12,1,6.13139581225666e-05,1.3978776954867889e-06,2.8758192490085613e-06,0.08333333333333333,0.014865094404917095,0.35387991114111694,0.022798686274541784,0.04690317404170513,2,8.783101313073647e-05,0.015915536501964835
newsother,news,1,12,0,1.532848953064165e-05,1.3978776954867889e-06,0.0,0.0,2.7755575615628914e-17,0.24249400665524085,0.09119474509816713,0.0,1,4.3915506565368234e-05,0.03183107300392967
boxing,sports,20,11,0,0.000306569790612833,1.2813878875295564e-06,0.0,0.0,0.0,0.2588329669680317,0.00417975915033266,0.0,7,0.0003074085459575776,0.004168354798133648
entertainmentmusic,entertainment,1,10,0,1.532848953064165e-05,1.164898079572324e-06,0.0,0.0,0.0,0.2775327998628892,0.07599562091513928,0.0,1,4.3915506565368234e-05,0.02652589416994139
spendingandborrowing,finance,1,9,0,1.532848953064165e-05,1.0484082716150916e-06,0.0,0.0,0.0,0.2991450484195441,0.06839605882362536,0.0,1,4.3915506565368234e-05,0.02387330475294725
sports,video,3,8,1,4.5985468591924955e-05,9.319184636578592e-07,2.8758192490085613e-06,0.125,0.02241749145005667,0.4708881822128535,0.020265498910703807,0.06253756538894018,1,4.3915506565368234e-05,0.02122071533595311
wonder,video,5,8,0,7.664244765320825e-05,9.319184636578592e-07,0.0,0.0,0.0,0.32440756488388023,0.012159299346422285,0.0,3,0.0001317465196961047,0.007073571778651038
comedy,video,2,7,0,3.06569790612833e-05,8.154286557006268e-07,0.0,0.0,5.551115123125783e-17,0.35433043506668743,0.02659846732029875,0.0,1,4.3915506565368234e-05,0.018568125918958973
newsvideo,news,2,6,0,3.06569790612833e-05,6.989388477433944e-07,0.0,0.0,2.7755575615628914e-17,0.3903342879021653,0.022798686274541784,0.0,1,4.3915506565368234e-05,0.015915536501964835
watch,video,1,5,0,1.532848953064165e-05,5.82449039786162e-07,0.0,0.0,0.0,0.43448246478317476,0.03799781045756964,0.0,1,4.3915506565368234e-05,0.013262947084970694
basketball_wnba,sports,6,4,1,9.197093718384991e-05,4.659592318289296e-07,2.8758192490085613e-06,0.25,0.04558726080970055,0.6993581574175981,0.005066374727675952,0.03126878269447009,1,4.3915506565368234e-05,0.010610357667976555
cookingschool,foodanddrink,1,3,0,1.532848953064165e-05,3.494694238716972e-07,0.0,0.0,5.551115123125783e-17,0.5614970317550454,0.022798686274541784,0.0,1,4.3915506565368234e-05,0.007957768250982418
healthyliving,health,1,3,0,1.532848953064165e-05,3.494694238716972e-07,0.0,0.0,5.551115123125783e-17,0.5614970317550454,0.022798686274541784,0.0,1,4.3915506565368234e-05,0.007957768250982418
tennis_intl,sports,1,2,1,1.532848953064165e-05,2.329796159144648e-07,2.8758192490085613e-06,0.5,0.09453120573423074,0.9054687942657693,0.015199124183027856,0.18761269616682053,1,4.3915506565368234e-05,0.0053051788339882775
technologyinvesting,finance,3,2,0,4.5985468591924955e-05,2.329796159144648e-07,0.0,0.0,0.0,0.6576197724933469,0.005066374727675952,0.0,1,4.3915506565368234e-05,0.0053051788339882775
strength,health,1,2,0,1.532848953064165e-05,2.329796159144648e-07,0.0,0.0,0.0,0.6576197724933469,0.015199124183027856,0.0,1,4.3915506565368234e-05,0.0053051788339882775
relationships,lifestyle,2,1,0,3.06569790612833e-05,1.164898079572324e-07,0.0,0.0,0.0,0.7934506856227626,0.003799781045756964,0.0,1,4.3915506565368234e-05,0.0026525894169941388
cocktails,foodanddrink,3,1,0,4.5985468591924955e-05,1.164898079572324e-07,0.0,0.0,0.0,0.7934506856227626,0.002533187363837976,0.0,1,4.3915506565368234e-05,0.0026525894169941388
travel-adventure-travel,travel,6,1,0,9.197093718384991e-05,1.164898079572324e-07,0.0,0.0,0.0,0.7934506856227626,0.001266593681918988,0.0,1,4.3915506565368234e-05,0.0026525894169941388
soccer_bund,sports,1,1,0,1.532848953064165e-05,1.164898079572324e-07,0.0,0.0,0.0,0.7934506856227626,0.007599562091513928,0.0,1,4.3915506565368234e-05,0.0026525894169941388
travel-videos,travel,2,0,0,3.06569790612833e-05,0.0,0.0,,,,0.0,0.0,0,0.0,
autosvans,autos,1,0,0,1.532848953064165e-05,0.0,0.0,,,,0.0,0.0,0,0.0,
autostokyo,autos,6,0,0,9.197093718384991e-05,0.0,0.0,,,,0.0,0.0,0,0.0,
tv,entertainment,1,0,0,1.532848953064165e-05,0.0,0.0,,,,0.0,0.0,0,0.0,
autoscartech,autos,2,0,0,3.06569790612833e-05,0.0,0.0,,,,0.0,0.0,0,0.0,
autosreview,autos,3,0,0,4.5985468591924955e-05,0.0,0.0,,,,0.0,0.0,0,0.0,
healthagingwell,health,2,0,0,3.06569790612833e-05,0.0,0.0,,,,0.0,0.0,0,0.0,
autospassenger,autos,5,0,0,7.664244765320825e-05,0.0,0.0,,,,0.0,0.0,0,0.0,
golfvideos,sports,1,0,0,1.532848953064165e-05,0.0,0.0,,,,0.0,0.0,0,0.0,
autoscompact,autos,1,0,0,1.532848953064165e-05,0.0,0.0,,,,0.0,0.0,0,0.0,
baseball,sports,1,0,0,1.532848953064165e-05,0.0,0.0,,,,0.0,0.0,0,0.0,
hollywood,entertainment,1,0,0,1.532848953064165e-05,0.0,0.0,,,,0.0,0.0,0,0.0,
halloween,lifestyle,1,0,0,1.532848953064165e-05,0.0,0.0,,,,0.0,0.0,0,0.0,
weatherfullscreenmaps,weather,1,0,0,1.532848953064165e-05,0.0,0.0,,,,0.0,0.0,0,0.0,
lifestyle-news-feature,lifestyle,14,0,0,0.00021459885342898312,0.0,0.0,,,,0.0,0.0,0,0.0,
games-news,games,1,0,0,1.532848953064165e-05,0.0,0.0,,,,0.0,0.0,0,0.0,
boxing-mma,sports,8,0,0,0.0001226279162451332,0.0,0.0,,,,0.0,0.0,0,0.0,
shop-home-goods,lifestyle,3,0,0,4.5985468591924955e-05,0.0,0.0,,,,0.0,0.0,0,0.0,
finance-homesandpropertysection,finance,1,0,0,1.532848953064165e-05,0.0,0.0,,,,0.0,0.0,0,0.0,
finance-auto-insurance,finance,1,0,0,1.532848953064165e-05,0.0,0.0,,,,0.0,0.0,0,0.0,
mmaufc,sports,1,0,0,1.532848953064165e-05,0.0,0.0,,,,0.0,0.0,0,0.0,
narendramodi_opinion,news,1,0,0,1.532848953064165e-05,0.0,0.0,,,,0.0,0.0,0,0.0,
middleeast-top-stories,middleeast,2,0,0,3.06569790612833e-05,0.0,0.0,,,,0.0,0.0,0,0.0,
foodrecipes,foodanddrink,3,0,0,4.5985468591924955e-05,0.0,0.0,,,,0.0,0.0,0,0.0,
foodtips,foodanddrink,1,0,0,1.532848953064165e-05,0.0,0.0,,,,0.0,0.0,0,0.0,
newsnational,news,1,0,0,1.532848953064165e-05,0.0,0.0,,,,0.0,0.0,0,0.0,
cooking,foodanddrink,3,0,0,4.5985468591924955e-05,0.0,0.0,,,,0.0,0.0,0,0.0,
newsrealestate,news,1,0,0,1.532848953064165e-05,0.0,0.0,,,,0.0,0.0,0,0.0,
lifestyletravel,lifestyle,1,0,0,1.532848953064165e-05,0.0,0.0,,,,0.0,0.0,0,0.0,
company-news,finance,1,0,0,1.532848953064165e-05,0.0,0.0,,,,0.0,0.0,0,0.0,
newstvmedia,news,1,0,0,1.532848953064165e-05,0.0,0.0,,,,0.0,0.0,0,0.0,
newsvideos,news,1,0,0,1.532848953064165e-05,0.0,0.0,,,,0.0,0.0,0,0.0,
lifestyleanimals,lifestyle,1,0,0,1.532848953064165e-05,0.0,0.0,,,,0.0,0.0,0,0.0,
celebritynews,entertainment,2,0,0,3.06569790612833e-05,0.0,0.0,,,,0.0,0.0,0,0.0,
lifestylestyle,lifestyle,1,0,0,1.532848953064165e-05,0.0,0.0,,,,0.0,0.0,0,0.0,
olympics-videos,sports,1,0,0,1.532848953064165e-05,0.0,0.0,,,,0.0,0.0,0,0.0,
othersports,sports,1,0,0,1.532848953064165e-05,0.0,0.0,,,,0.0,0.0,0,0.0,
lifestyleshoppinghomegarden,lifestyle,1,0,0,1.532848953064165e-05,0.0,0.0,,,,0.0,0.0,0,0.0,
lifestyleshopping,lifestyle,11,0,0,0.00016861338483705816,0.0,0.0,,,,0.0,0.0,0,0.0,
causes-environment,news,2,0,0,3.06569790612833e-05,0.0,0.0,,,,0.0,0.0,0,0.0,
games,entertainment,1,0,0,1.532848953064165e-05,0.0,0.0,,,,0.0,0.0,0,0.0,
finance-insidetheticker,finance,1,0,0,1.532848953064165e-05,0.0,0.0,,,,0.0,0.0,0,0.0,
seasonal,foodanddrink,2,0,0,3.06569790612833e-05,0.0,0.0,,,,0.0,0.0,0,0.0,
lifestylemarriage,lifestyle,3,0,0,4.5985468591924955e-05,0.0,0.0,,,,0.0,0.0,0,0.0,
shop-books-movies-tv,lifestyle,2,0,0,3.06569790612833e-05,0.0,0.0,,,,0.0,0.0,0,0.0,
shop-computers-electronics,lifestyle,1,0,0,1.532848953064165e-05,0.0,0.0,,,,0.0,0.0,0,0.0,
career-news,finance,3,0,0,4.5985468591924955e-05,0.0,0.0,,,,0.0,0.0,0,0.0,
lifestyle-wedding,lifestyle,1,0,0,1.532848953064165e-05,0.0,0.0,,,,0.0,0.0,0,0.0,
